{
  "sys": ["GateIn.fsm", "GateOut.fsm"],
  "env": [],
  "dev": ["human-dev.lts"],
  "safety": [
    "ColisionProperty-no-err.fsm"
  ],
  "method": "supervisory",
  "options": {
    "progress": [
      "rcv.oyster.fin",
      "rcv.card.fin"
    ],
    "preferredMap": {

    },
    "controllableMap": {
      "0": [
        "snd.oyster",
        "snd.card",
        "rcv.oyster.gin",
        "rcv.card.gin",

        "snd.oyster.gin",
        "snd.card.gin",
        "rcv.oyster.fin",
        "rcv.card.fin"
      ]
    },
    "observableMap": {
      "0": [
        "snd.oyster",
        "snd.card",
        "rcv.oyster.gin",
        "rcv.card.gin",

        "snd.oyster.gin",
        "snd.card.gin",
        "rcv.oyster.fin",
        "rcv.card.fin"
      ]
    },
    "algorithm": "Pareto"
  }
}
